﻿<?xml version="1.0" encoding="utf-8"?><meta xmlns:xsi="http://www.w3.org/2001/XMLSchema-instance" xmlns:xsd="http://www.w3.org/2001/XMLSchema"><project id="64uv82Hy3s7" courseid="5naZ3ZCHz3p_course_id" thumburl="story_content/thumbnail.jpg" title="Lean Sigma Essentials Overview" datepublished="2020-07-30T16:01:49" version="1.0.0.0" flashdata="story_content/data.swf" html5data="mobile/data.json" mobiledata="mobile/data.gz" enabledownload="false" duration="About 12 minutes" totalaudio="0" totalvideo="0"><description>This 30 minute eLearning course provides an overview of the fundamentals of Lean Sigma and how we are using the concepts to create a culture of continuous improvement in Global IT with IT Lean Enterprise.  

This course is a prerequisite for the eLearning module: PD Board Overview Training. 

Target Audience: This training is required for individuals who will be PD Board Leaders, PD Board Members and OpEx Resources supporting IT Lean Enterprise Policy Deployment Boards. 

This training is also appropriate for those interested in learning more about Lean Sigma and problem solving using the DMAIC Methodology. </description><keywords>lean sigma, six sigma, lean</keywords><slidemeta moniker="slide" monikerplural="slides" viewslides="65" slidecountdescription="65 slides" /><author name="Colbert, Cindy" email="" website="" /><application name="Articulate Storyline" version="3.42.22734.0" xmlversion="4.0" /></project></meta>